,Atom Type,Atom Number,Positional Label,Amino Acid,Chain,Residue Number,X-Coord,Y-Coord,Z-Coord,Occupancy,B-Factor,Element
0, ATOM,2,CA,ASP,A,1,-7.481,-0.34600000000000003,2.313,1.0,0.0,C
1,ATOM,10,CA,ALA,A,2,-5.5520000000000005,-3.148,0.615,1.0,0.0,C
2,ATOM,15,CA,ARG,A,3,-1.8659999999999999,-2.428,0.022000000000000002,1.0,0.0,C
3,ATOM,26,CA,ARG,A,4,0.225,0.623,0.902,1.0,0.0,C
4,ATOM,37,CA,GLU,A,5,3.925,1.3159999999999998,0.369,1.0,0.0,C
5,ATOM,46,CA,ASN,A,6,6.002000000000001,4.393,1.188,1.0,0.0,C
